Partner,Acronym
Archaeology Southwest,ASW
Arizona State University,ASU
Bird Conservancy of the Rockies (formerly RMBO),BCOR
Colorado Mesa University,CMU
Colorado State University,CSU
Conservation Science Partners,CSP
Crow Canyon Archaeological Center,CCAC
Desert Research Institute,DRI
Diné College,DC
Dixie State University,DSU
Forest Stewards Guild,FSG
Fort Lewis College,FLC
Haskell Indian Nations University,HINU
Living Heritage Research Council,LHRC
Museum of Northern Arizona,MNA
Navajo Nation,NN
New Mexico Institute of Mining and TechNology,NMT
New Mexico State University,NMSU
Northern Arizona University,NAU
Oregon State University,OSU
Prescott College,PC
Southern Utah University,SUU
The Arboretum at Flagstaff,AAF
The Institute for Bird Populations,IBP
University of Arizona,UAZ
"University of Nevada, ReNo",UNR
University of New Mexico,UNM
University of Pennsylvania,UPE
"University of Texas, San Antonio",UTSA
University of Utah,UUT
Utah State University,USU
Utah Valley University,UVU
Weber State University,WSU